1,23,https://github.com/jhy/jsoup/issues/23
2,22,https://github.com/jhy/jsoup/issues/22
3,21,https://github.com/jhy/jsoup/issues/21
4,31,https://github.com/jhy/jsoup/issues/31
5,32,https://github.com/jhy/jsoup/issues/32
6,34,https://github.com/jhy/jsoup/issues/34
7,43,https://github.com/jhy/jsoup/issues/43
8,45,https://github.com/jhy/jsoup/issues/45
9,46,https://github.com/jhy/jsoup/issues/46
10,49,https://github.com/jhy/jsoup/issues/49
11,36,https://github.com/jhy/jsoup/issues/36
12,52,https://github.com/jhy/jsoup/issues/52
13,97,https://github.com/jhy/jsoup/issues/97
14,82,https://github.com/jhy/jsoup/issues/82
15,104,https://github.com/jhy/jsoup/issues/104
16,109,https://github.com/jhy/jsoup/issues/109
17,107,https://github.com/jhy/jsoup/issues/107
18,110,https://github.com/jhy/jsoup/issues/110
19,127,https://github.com/jhy/jsoup/issues/127
20,134,https://github.com/jhy/jsoup/issues/134
21,179,https://github.com/jhy/jsoup/issues/179
22,184,https://github.com/jhy/jsoup/issues/184
23,145,https://github.com/jhy/jsoup/issues/145
24,115,https://github.com/jhy/jsoup/issues/115
25,167,https://github.com/jhy/jsoup/issues/167
26,154,https://github.com/jhy/jsoup/issues/154
27,215,https://github.com/jhy/jsoup/issues/215
28,224,https://github.com/jhy/jsoup/issues/224
29,168,https://github.com/jhy/jsoup/issues/168
30,246,https://github.com/jhy/jsoup/issues/246
31,242,https://github.com/jhy/jsoup/issues/242
32,278,https://github.com/jhy/jsoup/issues/278
33,305,https://github.com/jhy/jsoup/issues/305
34,349,https://github.com/jhy/jsoup/issues/349
35,313,https://github.com/jhy/jsoup/issues/313
36,321,https://github.com/jhy/jsoup/issues/321
37,368,https://github.com/jhy/jsoup/issues/368
38,364,https://github.com/jhy/jsoup/issues/364
39,348,https://github.com/jhy/jsoup/issues/348
40,460,https://github.com/jhy/jsoup/issues/460
41,537,https://github.com/jhy/jsoup/issues/537
42,489,https://github.com/jhy/jsoup/issues/489
43,554,https://github.com/jhy/jsoup/issues/554
44,552,https://github.com/jhy/jsoup/issues/552
45,575,https://github.com/jhy/jsoup/issues/575
46,523,https://github.com/jhy/jsoup/issues/523
47,528,https://github.com/jhy/jsoup/issues/528
48,618,https://github.com/jhy/jsoup/issues/618
49,689,https://github.com/jhy/jsoup/issues/689
50,695,https://github.com/jhy/jsoup/issues/695
51,667,https://github.com/jhy/jsoup/issues/667
52,701,https://github.com/jhy/jsoup/issues/701
53,611,https://github.com/jhy/jsoup/issues/611
54,721,https://github.com/jhy/jsoup/issues/721
55,746,https://github.com/jhy/jsoup/issues/746
56,408,https://github.com/jhy/jsoup/issues/408
57,759,https://github.com/jhy/jsoup/issues/759
58,245,https://github.com/jhy/jsoup/issues/245
59,793,https://github.com/jhy/jsoup/issues/793
60,803,https://github.com/jhy/jsoup/issues/803
61,814,https://github.com/jhy/jsoup/issues/814
62,819,https://github.com/jhy/jsoup/issues/819
63,868,https://github.com/jhy/jsoup/issues/868
64,906,https://github.com/jhy/jsoup/issues/906
65,807,https://github.com/jhy/jsoup/issues/807
66,951,https://github.com/jhy/jsoup/issues/951
67,955,https://github.com/jhy/jsoup/issues/955
68,966,https://github.com/jhy/jsoup/issues/966
69,429,https://github.com/jhy/jsoup/issues/429
70,722,https://github.com/jhy/jsoup/issues/722
71,550,https://github.com/jhy/jsoup/issues/550
72,972,https://github.com/jhy/jsoup/issues/972
73,977,https://github.com/jhy/jsoup/issues/977
74,978,https://github.com/jhy/jsoup/issues/978
75,985,https://github.com/jhy/jsoup/issues/985
76,825,https://github.com/jhy/jsoup/issues/825
77,998,https://github.com/jhy/jsoup/issues/998
78,980,https://github.com/jhy/jsoup/issues/980
79,1032,https://github.com/jhy/jsoup/issues/1032
80,1015,https://github.com/jhy/jsoup/issues/1015
81,1009,https://github.com/jhy/jsoup/issues/1009
82,1007,https://github.com/jhy/jsoup/issues/1007
83,797,https://github.com/jhy/jsoup/issues/797
84,848,https://github.com/jhy/jsoup/issues/848
85,1159,https://github.com/jhy/jsoup/issues/1159
86,1139,https://github.com/jhy/jsoup/issues/1139
87,1149,https://github.com/jhy/jsoup/issues/1149
88,1065,https://github.com/jhy/jsoup/issues/1065
89,1107,https://github.com/jhy/jsoup/issues/1107
90,1172,https://github.com/jhy/jsoup/issues/1172
91,1192,https://github.com/jhy/jsoup/issues/1192
92,1219,https://github.com/jhy/jsoup/issues/1219
93,1231,https://github.com/jhy/jsoup/issues/1231
